asd,688787d8ff144c502c7f5cffaafe2cc588d86079f9de88304c26b0cb99ce91c6
s,043a718774c572bd8a25adbeb1bfcd5c0256ae11cecf9f9c3f925d0e52beaf89
x,e3b0c44298fc1c149afbf4c8996fb92427ae41e4649b934ca495991b7852b855
asdd,cc00113f2c36b6d0e501dd832771ce5db7b41c1d77edb22b5fde8baf1c5e449b
as,f4bf9f7fcbedaba0392f108c59d8f4a38b3838efb64877380171b54475c2ade8
hi,8f434346648f6b96df89dda901c5176b10a6d83961dd3c1ac88b59b2dc327aa4
brie,dad256207b8b1652475f652bacc0f362bdf4bced02124b413641804257feefdd
Brie,2cf24dba5fb0a30e26e83b2ac5b9e29e1b161e5c1fa7425e73043362938b9824
lala,96067a7838cc36a258f11f457d4b0ca2d5fe60b0b92436116853d41eb832b603
hoi,de6b9dbb007c8b094257d2ad95099a067d6619b57c6a20f774d91fbf538aae11
Gabrielle,2cf24dba5fb0a30e26e83b2ac5b9e29e1b161e5c1fa7425e73043362938b9824
GabrielleG,2cf24dba5fb0a30e26e83b2ac5b9e29e1b161e5c1fa7425e73043362938b9824
gabrielleG,2cf24dba5fb0a30e26e83b2ac5b9e29e1b161e5c1fa7425e73043362938b9824
